Test,Time,Particle Count
MOT17-09-DPM-raw,2087.3,50
MOT17-09-DPM-raw,496.5612013339996,10
MOT17-09-DPM-raw,3197.9791889190674,80
